{
	"items": {
		"total": 20,
		"product_list": [{
				"id": "12047048191",
				"title": "Tomato",
				"quantity": "1 Kg",
				"image_url": "https://farm66.staticflickr.com/65535/51828764621_90b99bb7fa_m.jpg",
				"original_price": "Rs. 40"
			},
			{
				"id": "12047048192",
				"title": "Combo (Potato + Onion + Tomato) 1 Kg Each",
				"quantity": "3 Kg",
				"image_url": "https://farm66.staticflickr.com/65535/51827895432_20ed0185e5_m.jpg",
				"original_price": "Rs. 130",
				"offer_price": "Rs. 104",
				"discount_percentage": "20% off"
			},
			{
				"id": "12047048193",
				"title": "Potato",
				"quantity": "1 Kg",
				"image_url": "https://farm66.staticflickr.com/65535/51831173483_8639db7b47_m.jpg",
				"original_price": "Rs. 50"
			},
			{
				"id": "12047048194",
				"title": "Coke",
				"quantity": "300 ml",
				"image_url": "https://farm66.staticflickr.com/65535/51824865428_25a3a3bbfb_m.jpg",
				"original_price": "Rs. 40"
			},
			{
				"id": "12047048195",
				"title": "Lays Classic",
				"quantity": "150 gms",
				"image_url": "https://farm66.staticflickr.com/65535/51825331463_be60629459_m.jpg",
				"original_price": "Rs. 10"
			},
			{
				"id": "12047048196",
				"title": "Brinjal",
				"quantity": "500 gm",
				"image_url": "https://farm66.staticflickr.com/65535/51787041498_98f61d02c6_m.jpg",
				"original_price": "Rs. 35"
			},
			{
				"id": "12047048197",
				"title": "Capsicum",
				"quantity": "250 gm",
				"image_url": "https://farm66.staticflickr.com/65535/51692686912_12cf3c57fe_m.jpg",
				"original_price": "Rs. 25"
			},
			{
				"id": "12047048198",
				"title": "Curry Leaves",
				"quantity": "1 pack",
				"image_url": "https://farm66.staticflickr.com/65535/51768397156_680eb831ec_m.jpg",
				"original_price": "Rs. 10"
			},
			{
				"id": "12047048199",
				"title": "Red chilli",
				"quantity": "100 gm",
				"image_url": "https://farm66.staticflickr.com/65535/51677548162_b86511d0e5_m.jpg",
				"original_price": "Rs. 15"
			},
			{
				"id": "12047048200",
				"title": "Calypse",
				"quantity": "300 ml",
				"image_url": "https://farm66.staticflickr.com/65535/51821079159_5aa784485b_m.jpg",
				"original_price": "Rs. 100",
				"offer_price": "Rs. 70",
				"discount_percentage": "30% off"
			},
			{
				"id": "12047048201",
				"title": "Lemon",
				"quantity": "5 units",
				"image_url": "https://farm66.staticflickr.com/65535/51814847411_7c3a365206_m.jpg",
				"original_price": "Rs. 25"
			},
			{
				"id": "12047048202",
				"title": "Mountain Dew Party pack",
				"quantity": "This pack contains 5 300 ml cans",
				"image_url": "https://farm66.staticflickr.com/65535/51815773305_2a6ce62344_m.jpg",
				"original_price": "Rs. 200",
				"offer_price": "Rs. 170",
				"discount_percentage": "15% off"
			},
			{
				"id": "12047048203",
				"title": "Organic Carrot",
				"quantity": "250 gms",
				"image_url": "https://farm66.staticflickr.com/65535/51831088726_be8bb6e957_m.jpg",
				"original_price": "Rs. 22"
			},
			{
				"id": "12047048204",
				"title": "Uncle Chips (Classic)",
				"quantity": "150 gms",
				"image_url": "https://farm8.staticflickr.com/7112/7660881252_3c5b29882d_m.jpg",
				"original_price": "Rs. 20"
			},
			{
				"id": "12047048205",
				"title": "Pineapple drink",
				"quantity": "200 ml",
				"image_url": "https://farm66.staticflickr.com/65535/51587785591_e724000014_m.jpg",
				"original_price": "Rs. 50",
				"offer_price": "Rs. 45",
				"discount_percentage": "10% off"
			},
			{
				"id": "12047048206",
				"title": "Rosoda Classic Soda",
				"quantity": "500 ml",
				"image_url": "https://farm66.staticflickr.com/65535/51557058727_7576e9ca53_m.jpg",
				"original_price": "Rs. 250",
				"offer_price": "Rs. 200",
				"discount_percentage": "20% off"
			},
			{
				"id": "12047048207",
				"title": "Rosoda Soda (Litchi)",
				"quantity": "500 ml",
				"image_url": "https://farm66.staticflickr.com/65535/51558534899_6134707ae9_m.jpg",
				"original_price": "Rs. 250",
				"offer_price": "Rs. 200",
				"discount_percentage": "20% off"
			},
			{
				"id": "12047048208",
				"title": "Curd",
				"quantity": "200 gm",
				"image_url": "https://farm66.staticflickr.com/65535/51412737262_7c1e8437fd_m.jpg",
				"original_price": "Rs. 35"
			},
			{
				"id": "12047048209",
				"title": "Slingshot Coffee Soda",
				"quantity": "200 ml",
				"image_url": "https://farm66.staticflickr.com/65535/51830735922_e788c64fe2_m.jpg",
				"original_price": "Rs. 200",
				"offer_price": "Rs. 140",
				"discount_percentage": "30% off"
			},
			{
				"id": "12047048210",
				"title": "Kiwi Soda",
				"quantity": "300 ml",
				"image_url": "https://farm66.staticflickr.com/65535/51830871275_c641ff3cbe_m.jpg",
				"original_price": "Rs. 100"
			},
			{
				"id": "12047048211",
				"title": "Whole earth lemonade",
				"quantity": "300 ml",
				"image_url": "https://farm66.staticflickr.com/65535/51823843251_ff36eb0078_m.jpg",
				"original_price": "Rs. 70"
			},
			{
				"id": "12047048212",
				"title": "Wild Bills",
				"quantity": "300 ml",
				"image_url": "https://farm66.staticflickr.com/65535/51823127743_b8f2183e2b_m.jpg",
				"original_price": "Rs. 110",
				"offer_price": "Rs. 99",
				"discount_percentage": "10% off"
			}

		]
	}
}